symptom_set,disease,support,confidence,lift
chest_pain|lightheadedness,myocardial_infarction,0.031,1.0,17.857143
fatigue|joint_pain|rash,lupus,0.013,1.0,23.255814
fever|hair_loss|rash,lupus,0.012,1.0,23.255814
fever|joint_pain|rash,lupus,0.013,1.0,23.255814
hair_loss|joint_pain|rash,lupus,0.013,1.0,23.255814
hair_loss|rash,lupus,0.017,1.0,23.255814
joint_pain|rash,lupus,0.02,1.0,23.255814
burning_urination|fever|frequent_urination,urinary_tract_infection,0.025,1.0,15.873016
burning_urination|frequent_urination,urinary_tract_infection,0.03,1.0,15.873016
burning_urination|fever,urinary_tract_infection,0.036,1.0,15.873016
fatigue|fever|joint_pain|stiffness|swelling,rheumatoid_arthritis,0.015,1.0,17.857143
fever|joint_pain|stiffness|swelling,rheumatoid_arthritis,0.015,1.0,17.857143
fatigue|joint_pain|stiffness|swelling,rheumatoid_arthritis,0.019,1.0,17.857143
joint_pain|stiffness|swelling,rheumatoid_arthritis,0.019,1.0,17.857143
fatigue|fever|joint_pain|swelling,rheumatoid_arthritis,0.018,1.0,17.857143
fever|joint_pain|swelling,rheumatoid_arthritis,0.019,1.0,17.857143
fatigue|joint_pain|swelling,rheumatoid_arthritis,0.023,1.0,17.857143
joint_pain|swelling,rheumatoid_arthritis,0.025,1.0,17.857143
fatigue|fever|stiffness|swelling,rheumatoid_arthritis,0.016,1.0,17.857143
fever|stiffness|swelling,rheumatoid_arthritis,0.019,1.0,17.857143
fatigue|fever|swelling,rheumatoid_arthritis,0.02,1.0,17.857143
fatigue|stiffness|swelling,rheumatoid_arthritis,0.022,1.0,17.857143
stiffness|swelling,rheumatoid_arthritis,0.028,1.0,17.857143
fatigue|swelling,rheumatoid_arthritis,0.03,1.0,17.857143
cough|fatigue|mucus_production|shortness_of_breath|wheezing,copd,0.012,1.0,21.276596
fever|hair_loss|joint_pain|rash,lupus,0.01,1.0,23.255814
fatigue|fever|rash,lupus,0.01,1.0,23.255814
muscle_tension|restlessness|sleep_disturbance,anxiety_disorder,0.019,1.0,20.0
fatigue|fever|joint_pain|rash,lupus,0.01,1.0,23.255814
fatigue|restlessness|sleep_disturbance|worry,anxiety_disorder,0.015,1.0,20.0
restlessness|sleep_disturbance|worry,anxiety_disorder,0.018,1.0,20.0
fatigue|restlessness|worry,anxiety_disorder,0.018,1.0,20.0
restlessness|worry,anxiety_disorder,0.024,1.0,20.0
fatigue|restlessness|sleep_disturbance,anxiety_disorder,0.021,1.0,20.0
fatigue|restlessness,anxiety_disorder,0.026,1.0,20.0
fatigue|sleep_disturbance|worry,anxiety_disorder,0.019,1.0,20.0
fatigue|worry,anxiety_disorder,0.025,1.0,20.0
sleep_disturbance|worry,anxiety_disorder,0.026,1.0,20.0
chest_pain|shortness_of_breath|sweating,myocardial_infarction,0.01,1.0,17.857143
shortness_of_breath|sweating,myocardial_infarction,0.012,1.0,17.857143
chest_pain|lightheadedness|sweating,myocardial_infarction,0.012,1.0,17.857143
lightheadedness|sweating,myocardial_infarction,0.015,1.0,17.857143
arm_pain|chest_pain|shortness_of_breath,myocardial_infarction,0.011,1.0,17.857143
arm_pain|lightheadedness|nausea,myocardial_infarction,0.01,1.0,17.857143
arm_pain|chest_pain|lightheadedness,myocardial_infarction,0.014,1.0,17.857143
arm_pain|lightheadedness,myocardial_infarction,0.015,1.0,17.857143
arm_pain|nausea|shortness_of_breath,myocardial_infarction,0.01,1.0,17.857143
arm_pain|chest_pain|nausea,myocardial_infarction,0.012,1.0,17.857143
arm_pain|nausea,myocardial_infarction,0.017,1.0,17.857143
arm_pain|chest_pain,myocardial_infarction,0.022,1.0,17.857143
chest_pain|nausea|shortness_of_breath,myocardial_infarction,0.01,1.0,17.857143
fatigue|hair_loss|rash,lupus,0.01,1.0,23.255814
cough|mucus_production|shortness_of_breath|wheezing,copd,0.013,1.0,21.276596
cough|fatigue|mucus_production|shortness_of_breath,copd,0.014,1.0,21.276596
cough|mucus_production|shortness_of_breath,copd,0.016,1.0,21.276596
cough|fatigue|mucus_production|wheezing,copd,0.014,1.0,21.276596
dry_skin|fatigue|weight_gain,hypothyroidism,0.022,1.0,18.181818
fatigue|weight_gain,hypothyroidism,0.027,1.0,18.181818
dry_skin|weight_gain,hypothyroidism,0.031,1.0,18.181818
dizziness|nosebleed|shortness_of_breath,hypertension,0.01,1.0,20.833333
nosebleed|shortness_of_breath,hypertension,0.012,1.0,20.833333
headache|nosebleed,hypertension,0.02,1.0,20.833333
chest_pain|headache|nosebleed,hypertension,0.015,1.0,20.833333
chest_pain|dizziness|headache|nosebleed,hypertension,0.012,1.0,20.833333
chest_pain|dizziness|nosebleed,hypertension,0.015,1.0,20.833333
chest_pain|nosebleed,hypertension,0.02,1.0,20.833333
dizziness|headache|nosebleed,hypertension,0.014,1.0,20.833333
dizziness|nosebleed,hypertension,0.02,1.0,20.833333
chest_pain|dizziness|headache|shortness_of_breath,hypertension,0.01,1.0,20.833333
dizziness|headache|shortness_of_breath,hypertension,0.013,1.0,20.833333
chest_pain|headache|shortness_of_breath,hypertension,0.013,1.0,20.833333
chest_pain|dizziness|shortness_of_breath,hypertension,0.013,1.0,20.833333
headache|shortness_of_breath,hypertension,0.016,1.0,20.833333
chest_pain|dizziness|headache,hypertension,0.017,1.0,20.833333
dizziness|headache,hypertension,0.022,1.0,20.833333
chest_pain|dizziness,hypertension,0.023,1.0,20.833333
cough|headache|muscle_pain,influenza,0.011,1.0,18.518519
headache|muscle_pain,influenza,0.018,1.0,18.518519
cough|muscle_pain|sore_throat,influenza,0.012,1.0,18.518519
cold_intolerance|dry_skin,hypothyroidism,0.028,1.0,18.181818
cold_intolerance|dry_skin|fatigue,hypothyroidism,0.02,1.0,18.181818
cold_intolerance|weight_gain,hypothyroidism,0.026,1.0,18.181818
acid_regurgitation|chest_pain|nausea,gerd,0.022,1.0,19.607843
cough|mucus_production|wheezing,copd,0.016,1.0,21.276596
cough|fatigue|mucus_production,copd,0.017,1.0,21.276596
cough|mucus_production,copd,0.021,1.0,21.276596
fatigue|mucus_production|shortness_of_breath|wheezing,copd,0.015,1.0,21.276596
fatigue|mucus_production|wheezing,copd,0.017,1.0,21.276596
fatigue|mucus_production|shortness_of_breath,copd,0.018,1.0,21.276596
fatigue|mucus_production,copd,0.023,1.0,21.276596
mucus_production|shortness_of_breath|wheezing,copd,0.018,1.0,21.276596
mucus_production|wheezing,copd,0.023,1.0,21.276596
mucus_production|shortness_of_breath,copd,0.024,1.0,21.276596
acid_regurgitation|chest_pain,gerd,0.029,1.0,19.607843
cold_intolerance|dry_skin|weight_gain,hypothyroidism,0.021,1.0,18.181818
acid_regurgitation|nausea,gerd,0.029,1.0,19.607843
fatigue|joint_pain|stiffness,rheumatoid_arthritis,0.025,1.0,17.857143
fatigue|fever|joint_pain|stiffness,rheumatoid_arthritis,0.021,1.0,17.857143
fever|joint_pain|stiffness,rheumatoid_arthritis,0.025,1.0,17.857143
joint_pain|stiffness,rheumatoid_arthritis,0.03,1.0,17.857143
chest_pain|lightheadedness|shortness_of_breath,myocardial_infarction,0.017,1.0,17.857143
chest_pain|lightheadedness|nausea,myocardial_infarction,0.013,1.0,17.857143
lightheadedness|nausea,myocardial_infarction,0.017,1.0,17.857143
cold_intolerance|dry_skin|fatigue|weight_gain,hypothyroidism,0.017,1.0,18.181818
cold_intolerance|fatigue|weight_gain,hypothyroidism,0.02,1.0,18.181818
muscle_tension|restlessness,anxiety_disorder,0.023,1.0,20.0
muscle_tension|worry,anxiety_disorder,0.021,1.0,20.0
cough|muscle_pain,influenza,0.019,1.0,18.518519
aura|headache|nausea|vomiting,migraine,0.014,1.0,20.833333
aura|headache|vomiting,migraine,0.018,1.0,20.833333
aura|vomiting,migraine,0.019,1.0,20.833333
aura|headache|nausea,migraine,0.019,1.0,20.833333
aura|nausea,migraine,0.023,1.0,20.833333
aura|headache,migraine,0.027,1.0,20.833333
headache|nausea|vomiting,migraine,0.014,1.0,20.833333
headache|nausea,migraine,0.022,1.0,20.833333
blurred_vision|frequent_urination|slow_healing,type_2_diabetes,0.01,1.0,21.73913
frequent_urination|slow_healing,type_2_diabetes,0.012,1.0,21.73913
fatigue|slow_healing|weight_loss,type_2_diabetes,0.01,1.0,21.73913
slow_healing|weight_loss,type_2_diabetes,0.013,1.0,21.73913
blurred_vision|fatigue|slow_healing,type_2_diabetes,0.01,1.0,21.73913
fatigue|slow_healing,type_2_diabetes,0.014,1.0,21.73913
blurred_vision|increased_thirst|slow_healing,type_2_diabetes,0.011,1.0,21.73913
increased_thirst|slow_healing,type_2_diabetes,0.014,1.0,21.73913
blurred_vision|slow_healing,type_2_diabetes,0.019,1.0,21.73913
loss_of_appetite|nausea|vomiting,appendicitis,0.018,1.0,20.408163
loss_of_appetite|vomiting,appendicitis,0.025,1.0,20.408163
fever|loss_of_appetite|vomiting,appendicitis,0.019,1.0,20.408163
fever|loss_of_appetite|nausea|vomiting,appendicitis,0.015,1.0,20.408163
fever|loss_of_appetite|nausea,appendicitis,0.019,1.0,20.408163
loss_of_appetite|nausea,appendicitis,0.027,1.0,20.408163
chest_pain|chills|fever,pneumonia,0.014,1.0,16.949153
aura|nausea|vomiting,migraine,0.015,1.0,20.833333
aura|light_sensitivity,migraine,0.025,1.0,20.833333
muscle_tension|restlessness|worry,anxiety_disorder,0.019,1.0,20.0
aura|headache|light_sensitivity,migraine,0.02,1.0,20.833333
chest_tightness|cough|fatigue,asthma,0.02,1.0,22.727273
chest_tightness|cough|shortness_of_breath,asthma,0.02,1.0,22.727273
chest_tightness|cough,asthma,0.022,1.0,22.727273
chest_tightness|cough|fatigue|shortness_of_breath|wheezing,asthma,0.016,1.0,22.727273
chest_tightness|fatigue|shortness_of_breath|wheezing,asthma,0.017,1.0,22.727273
chest_tightness|cough|shortness_of_breath|wheezing,asthma,0.017,1.0,22.727273
chest_tightness|shortness_of_breath|wheezing,asthma,0.018,1.0,22.727273
chest_tightness|cough|fatigue|wheezing,asthma,0.017,1.0,22.727273
chest_tightness|cough|wheezing,asthma,0.018,1.0,22.727273
chest_tightness|fatigue|wheezing,asthma,0.02,1.0,22.727273
chest_tightness|wheezing,asthma,0.022,1.0,22.727273
aura|headache|light_sensitivity|nausea|vomiting,migraine,0.013,1.0,20.833333
headache|light_sensitivity|nausea|vomiting,migraine,0.013,1.0,20.833333
aura|light_sensitivity|nausea|vomiting,migraine,0.014,1.0,20.833333
light_sensitivity|nausea|vomiting,migraine,0.015,1.0,20.833333
aura|headache|light_sensitivity|nausea,migraine,0.017,1.0,20.833333
aura|light_sensitivity|nausea,migraine,0.018,1.0,20.833333
headache|light_sensitivity|nausea,migraine,0.019,1.0,20.833333
light_sensitivity|nausea,migraine,0.022,1.0,20.833333
aura|headache|light_sensitivity|vomiting,migraine,0.015,1.0,20.833333
aura|light_sensitivity|vomiting,migraine,0.016,1.0,20.833333
headache|light_sensitivity|vomiting,migraine,0.017,1.0,20.833333
light_sensitivity|vomiting,migraine,0.022,1.0,20.833333
chills|fever|shortness_of_breath,pneumonia,0.015,1.0,16.949153
chest_pain|fatigue|shortness_of_breath,pneumonia,0.01,1.0,16.949153
chest_pain|chills|fatigue,pneumonia,0.014,1.0,16.949153
chills|fatigue|shortness_of_breath,pneumonia,0.015,1.0,16.949153
constipation|dry_skin|fatigue|weight_gain,hypothyroidism,0.017,1.0,18.181818
constipation|fatigue|weight_gain,hypothyroidism,0.018,1.0,18.181818
cold_intolerance|constipation|dry_skin|fatigue,hypothyroidism,0.015,1.0,18.181818
cold_intolerance|constipation|fatigue,hypothyroidism,0.018,1.0,18.181818
constipation|dry_skin|fatigue,hypothyroidism,0.019,1.0,18.181818
constipation|fatigue,hypothyroidism,0.022,1.0,18.181818
cold_intolerance|constipation|dry_skin|weight_gain,hypothyroidism,0.017,1.0,18.181818
cold_intolerance|constipation|weight_gain,hypothyroidism,0.019,1.0,18.181818
cold_intolerance|constipation|dry_skin,hypothyroidism,0.022,1.0,18.181818
cold_intolerance|constipation,hypothyroidism,0.026,1.0,18.181818
constipation|dry_skin|weight_gain,hypothyroidism,0.023,1.0,18.181818
constipation|weight_gain,hypothyroidism,0.027,1.0,18.181818
constipation|dry_skin,hypothyroidism,0.029,1.0,18.181818
fatigue|muscle_tension|restlessness|sleep_disturbance|worry,anxiety_disorder,0.012,1.0,20.0
fatigue|muscle_tension|sleep_disturbance|worry,anxiety_disorder,0.013,1.0,20.0
fatigue|muscle_tension|restlessness|worry,anxiety_disorder,0.014,1.0,20.0
fatigue|muscle_tension|worry,anxiety_disorder,0.015,1.0,20.0
fatigue|muscle_tension|restlessness|sleep_disturbance,anxiety_disorder,0.015,1.0,20.0
fatigue|muscle_tension|sleep_disturbance,anxiety_disorder,0.017,1.0,20.0
fatigue|muscle_tension|restlessness,anxiety_disorder,0.017,1.0,20.0
fatigue|muscle_tension,anxiety_disorder,0.02,1.0,20.0
muscle_tension|restlessness|sleep_disturbance|worry,anxiety_disorder,0.015,1.0,20.0
muscle_tension|sleep_disturbance|worry,anxiety_disorder,0.017,1.0,20.0
cold_intolerance|constipation|fatigue|weight_gain,hypothyroidism,0.014,1.0,18.181818
cold_intolerance|constipation|dry_skin|fatigue|weight_gain,hypothyroidism,0.013,1.0,18.181818
fever|nausea|vomiting,appendicitis,0.018,1.0,20.408163
abdominal_pain|fever|loss_of_appetite|vomiting,appendicitis,0.015,1.0,20.408163
chest_pain|fatigue,pneumonia,0.019,1.0,16.949153
chest_pain|chills|cough|shortness_of_breath,pneumonia,0.011,1.0,16.949153
chest_pain|cough|fever,pneumonia,0.011,1.0,16.949153
chest_pain|cough|shortness_of_breath,pneumonia,0.013,1.0,16.949153
chest_pain|chills|cough,pneumonia,0.014,1.0,16.949153
chills|cough|shortness_of_breath,pneumonia,0.016,1.0,16.949153
chest_pain|chills|shortness_of_breath,pneumonia,0.017,1.0,16.949153
chest_pain|chills,pneumonia,0.024,1.0,16.949153
chills|shortness_of_breath,pneumonia,0.026,1.0,16.949153
abdominal_pain|loss_of_appetite,appendicitis,0.027,1.0,20.408163
abdominal_pain|fever|loss_of_appetite,appendicitis,0.016,1.0,20.408163
abdominal_pain|vomiting,appendicitis,0.024,1.0,20.408163
abdominal_pain|fever|loss_of_appetite|nausea,appendicitis,0.013,1.0,20.408163
abdominal_pain|fever|loss_of_appetite|nausea|vomiting,appendicitis,0.012,1.0,20.408163
abdominal_pain|fever|nausea|vomiting,appendicitis,0.013,1.0,20.408163
abdominal_pain|fever|nausea,appendicitis,0.014,1.0,20.408163
abdominal_pain|fever|vomiting,appendicitis,0.019,1.0,20.408163
abdominal_pain|loss_of_appetite|nausea,appendicitis,0.019,1.0,20.408163
abdominal_pain|loss_of_appetite|nausea|vomiting,appendicitis,0.014,1.0,20.408163
abdominal_pain|nausea|vomiting,appendicitis,0.015,1.0,20.408163
abdominal_pain|nausea,appendicitis,0.022,1.0,20.408163
abdominal_pain|loss_of_appetite|vomiting,appendicitis,0.019,1.0,20.408163
muscle_pain|sore_throat,influenza,0.018,1.0,18.518519
chest_tightness|cough|fatigue|shortness_of_breath,asthma,0.018,1.0,22.727273
cold_hands|dizziness|fatigue|pallor,anemia,0.012,1.0,19.230769
cough|night_sweats,tuberculosis,0.015,1.0,19.607843
cough|fever|night_sweats,tuberculosis,0.01,1.0,19.607843
confusion|headache|sudden_numbness|vision_loss,stroke,0.011,1.0,25.641026
headache|sudden_numbness|vision_loss,stroke,0.015,1.0,25.641026
headache|vision_loss,stroke,0.02,1.0,25.641026
confusion|sudden_numbness|vision_loss,stroke,0.016,1.0,25.641026
confusion|vision_loss,stroke,0.022,1.0,25.641026
sudden_numbness|vision_loss,stroke,0.022,1.0,25.641026
haemoptysis,tuberculosis,0.029,1.0,19.607843
confusion|headache|sudden_numbness,stroke,0.012,1.0,25.641026
haemoptysis|night_sweats,tuberculosis,0.02,1.0,19.607843
fever|haemoptysis,tuberculosis,0.02,1.0,19.607843
headache|sudden_numbness,stroke,0.018,1.0,25.641026
confusion|sudden_numbness,stroke,0.02,1.0,25.641026
fever|haemoptysis|night_sweats,tuberculosis,0.014,1.0,19.607843
haemoptysis|weight_loss,tuberculosis,0.019,1.0,19.607843
fever|haemoptysis|weight_loss,tuberculosis,0.013,1.0,19.607843
haemoptysis|night_sweats|weight_loss,tuberculosis,0.013,1.0,19.607843
concentration_difficulty|fatigue|loss_of_interest|sad_mood|sleep_disturbance,depression,0.014,1.0,19.230769
fatigue|loss_of_interest|sad_mood|sleep_disturbance,depression,0.014,1.0,19.230769
confusion|headache|vision_loss,stroke,0.015,1.0,25.641026
fatigue|night_sweats,tuberculosis,0.014,1.0,19.607843
headache|speech_difficulty|sudden_numbness,stroke,0.013,1.0,25.641026
speech_difficulty|vision_loss,stroke,0.021,1.0,25.641026
headache|speech_difficulty|vision_loss,stroke,0.014,1.0,25.641026
cold_hands|fatigue|pallor,anemia,0.016,1.0,19.230769
rapid_heartbeat|shortness_of_breath,sepsis,0.014,1.0,27.027027
cold_hands|pallor|shortness_of_breath,anemia,0.014,1.0,19.230769
cold_hands|fatigue|pallor|shortness_of_breath,anemia,0.012,1.0,19.230769
cold_hands|dizziness|pallor|shortness_of_breath,anemia,0.01,1.0,19.230769
cold_hands|dizziness|pallor,anemia,0.016,1.0,19.230769
dizziness|pallor,anemia,0.027,1.0,19.230769
fever|weight_loss,tuberculosis,0.018,1.0,19.607843
confusion|headache|speech_difficulty,stroke,0.014,1.0,25.641026
headache|speech_difficulty,stroke,0.019,1.0,25.641026
confusion|speech_difficulty|sudden_numbness|vision_loss,stroke,0.013,1.0,25.641026
cough|weight_loss,tuberculosis,0.016,1.0,19.607843
speech_difficulty|sudden_numbness|vision_loss,stroke,0.016,1.0,25.641026
confusion|speech_difficulty|sudden_numbness,stroke,0.016,1.0,25.641026
speech_difficulty|sudden_numbness,stroke,0.02,1.0,25.641026
fever|night_sweats|weight_loss,tuberculosis,0.011,1.0,19.607843
confusion|speech_difficulty|vision_loss,stroke,0.016,1.0,25.641026
confusion|speech_difficulty,stroke,0.021,1.0,25.641026
concentration_difficulty|fatigue|loss_of_interest|sleep_disturbance,depression,0.016,1.0,19.230769
fatigue|loss_of_interest|sleep_disturbance,depression,0.016,1.0,19.230769
concentration_difficulty|fatigue|loss_of_interest|sad_mood,depression,0.016,1.0,19.230769
fatigue|loss_of_interest|sad_mood,depression,0.017,1.0,19.230769
concentration_difficulty|sleep_disturbance,depression,0.032,1.0,19.230769
confusion|shortness_of_breath,sepsis,0.014,1.0,27.027027
confusion|fever|low_blood_pressure|shortness_of_breath,sepsis,0.01,1.0,27.027027
fever|low_blood_pressure|shortness_of_breath,sepsis,0.01,1.0,27.027027
low_blood_pressure|rapid_heartbeat|shortness_of_breath,sepsis,0.01,1.0,27.027027
confusion|low_blood_pressure|shortness_of_breath,sepsis,0.01,1.0,27.027027
low_blood_pressure|shortness_of_breath,sepsis,0.012,1.0,27.027027
confusion|fever|low_blood_pressure|rapid_heartbeat,sepsis,0.013,1.0,27.027027
confusion|low_blood_pressure|rapid_heartbeat,sepsis,0.014,1.0,27.027027
confusion|fever|low_blood_pressure,sepsis,0.016,1.0,27.027027
confusion|low_blood_pressure,sepsis,0.018,1.0,27.027027
fever|low_blood_pressure|rapid_heartbeat,sepsis,0.014,1.0,27.027027
confusion|fever|shortness_of_breath,sepsis,0.012,1.0,27.027027
confusion|rapid_heartbeat,sepsis,0.022,1.0,27.027027
low_blood_pressure|rapid_heartbeat,sepsis,0.018,1.0,27.027027
fever|rapid_heartbeat,sepsis,0.02,1.0,27.027027
confusion|fever|rapid_heartbeat,sepsis,0.018,1.0,27.027027
confusion|fever|rapid_heartbeat|shortness_of_breath,sepsis,0.011,1.0,27.027027
fever|rapid_heartbeat|shortness_of_breath,sepsis,0.011,1.0,27.027027
confusion|fever,sepsis,0.022,1.0,27.027027
concentration_difficulty|fatigue|sleep_disturbance,depression,0.021,1.0,19.230769
fatigue|haemoptysis,tuberculosis,0.013,1.0,19.607843
concentration_difficulty|loss_of_interest|sad_mood,depression,0.023,1.0,19.230769
concentration_difficulty|fatigue|loss_of_interest,depression,0.018,1.0,19.230769
cough|haemoptysis,tuberculosis,0.015,1.0,19.607843
concentration_difficulty|loss_of_interest|sad_mood|sleep_disturbance,depression,0.019,1.0,19.230769
cough|haemoptysis|weight_loss,tuberculosis,0.01,1.0,19.607843
chills|sore_throat,influenza,0.013,1.0,18.518519
loss_of_interest|sad_mood|sleep_disturbance,depression,0.02,1.0,19.230769
concentration_difficulty|loss_of_interest|sleep_disturbance,depression,0.024,1.0,19.230769
loss_of_interest|sleep_disturbance,depression,0.026,1.0,19.230769
loss_of_interest|sad_mood,depression,0.026,1.0,19.230769
cough|haemoptysis|night_sweats,tuberculosis,0.01,1.0,19.607843
concentration_difficulty|loss_of_interest,depression,0.029,1.0,19.230769
cough|fever|haemoptysis,tuberculosis,0.01,1.0,19.607843
concentration_difficulty|fatigue|sad_mood|sleep_disturbance,depression,0.018,1.0,19.230769
fatigue|sad_mood|sleep_disturbance,depression,0.02,1.0,19.230769
concentration_difficulty|fatigue|sad_mood,depression,0.021,1.0,19.230769
concentration_difficulty|sad_mood|sleep_disturbance,depression,0.024,1.0,19.230769
concentration_difficulty|sad_mood,depression,0.029,1.0,19.230769
sad_mood|sleep_disturbance,depression,0.03,1.0,19.230769
confusion|headache|speech_difficulty|vision_loss,stroke,0.011,1.0,25.641026
confusion|rapid_heartbeat|shortness_of_breath,sepsis,0.012,1.0,27.027027
dizziness|fatigue|shortness_of_breath,anemia,0.016,1.0,19.230769
acid_regurgitation|heartburn|nausea,gerd,0.023,1.0,19.607843
frequent_urination|increased_thirst,type_2_diabetes,0.016,1.0,21.73913
chest_pain|heartburn|nausea,gerd,0.024,1.0,19.607843
heartburn|nausea,gerd,0.027,1.0,19.607843
blurred_vision|frequent_urination|increased_thirst,type_2_diabetes,0.013,1.0,21.73913
acid_regurgitation|chest_pain|heartburn,gerd,0.023,1.0,19.607843
headache|speech_difficulty|sudden_numbness|vision_loss,stroke,0.011,1.0,25.641026
blurred_vision|fatigue|weight_loss,type_2_diabetes,0.01,1.0,21.73913
blurred_vision|weight_loss,type_2_diabetes,0.015,1.0,21.73913
dizziness|fatigue,anemia,0.026,1.0,19.230769
acid_regurgitation|heartburn,gerd,0.028,1.0,19.607843
chest_pain|heartburn,gerd,0.029,1.0,19.607843
fatigue|headache,influenza,0.014,1.0,18.518519
chills|headache,influenza,0.012,1.0,18.518519
cold_hands|dizziness|fatigue,anemia,0.017,1.0,19.230769
cough|sore_throat,influenza,0.02,1.0,18.518519
blurred_vision|increased_thirst|weight_loss,type_2_diabetes,0.011,1.0,21.73913
acid_regurgitation|chest_pain|heartburn|nausea,gerd,0.021,1.0,19.607843
pallor,anemia,0.037,1.0,19.230769
fatigue|increased_thirst|weight_loss,type_2_diabetes,0.012,1.0,21.73913
chest_pain|difficulty_swallowing|heartburn,gerd,0.022,1.0,19.607843
chest_pain|difficulty_swallowing,gerd,0.024,1.0,19.607843
acid_regurgitation|difficulty_swallowing|heartburn|nausea,gerd,0.02,1.0,19.607843
chest_pain|difficulty_swallowing|nausea,gerd,0.02,1.0,19.607843
blurred_vision|increased_thirst,type_2_diabetes,0.02,1.0,21.73913
blurred_vision|fatigue|increased_thirst,type_2_diabetes,0.01,1.0,21.73913
chest_pain|difficulty_swallowing|heartburn|nausea,gerd,0.02,1.0,19.607843
acid_regurgitation|difficulty_swallowing|nausea,gerd,0.021,1.0,19.607843
difficulty_swallowing|heartburn|nausea,gerd,0.023,1.0,19.607843
increased_thirst|weight_loss,type_2_diabetes,0.017,1.0,21.73913
acid_regurgitation|chest_pain|difficulty_swallowing|nausea,gerd,0.018,1.0,19.607843
acid_regurgitation|difficulty_swallowing|heartburn,gerd,0.022,1.0,19.607843
acid_regurgitation|chest_pain|difficulty_swallowing|heartburn|nausea,gerd,0.018,1.0,19.607843
acid_regurgitation|difficulty_swallowing,gerd,0.027,1.0,19.607843
difficulty_swallowing|heartburn,gerd,0.029,1.0,19.607843
cold_hands|dizziness|fatigue|shortness_of_breath,anemia,0.011,1.0,19.230769
burning_urination|cloudy_urine|fever,urinary_tract_infection,0.029,1.0,15.873016
acid_regurgitation|chest_pain|difficulty_swallowing|heartburn,gerd,0.019,1.0,19.607843
fever|pelvic_pain,urinary_tract_infection,0.029,1.0,15.873016
burning_urination|pelvic_pain,urinary_tract_infection,0.032,1.0,15.873016
fever|frequent_urination|pelvic_pain,urinary_tract_infection,0.021,1.0,15.873016
burning_urination|fever|frequent_urination|pelvic_pain,urinary_tract_infection,0.018,1.0,15.873016
blurred_vision|frequent_urination,type_2_diabetes,0.02,1.0,21.73913
burning_urination|frequent_urination|pelvic_pain,urinary_tract_infection,0.021,1.0,15.873016
frequent_urination|pelvic_pain,urinary_tract_infection,0.029,1.0,15.873016
dizziness|fatigue|pallor,anemia,0.017,1.0,19.230769
frequent_urination|weight_loss,type_2_diabetes,0.012,1.0,21.73913
fever|sore_throat,influenza,0.02,1.0,18.518519
pallor|shortness_of_breath,anemia,0.022,1.0,19.230769
fatigue|pallor|shortness_of_breath,anemia,0.015,1.0,19.230769
dizziness|fatigue|pallor|shortness_of_breath,anemia,0.011,1.0,19.230769
dizziness|pallor|shortness_of_breath,anemia,0.016,1.0,19.230769
cold_hands|pallor,anemia,0.021,1.0,19.230769
confusion|headache|speech_difficulty|sudden_numbness,stroke,0.01,1.0,25.641026
fatigue|pallor,anemia,0.024,1.0,19.230769
burning_urination|fever|pelvic_pain,urinary_tract_infection,0.024,1.0,15.873016
cloudy_urine|fever,urinary_tract_infection,0.035,1.0,15.873016
cloudy_urine,urinary_tract_infection,0.045,1.0,15.873016
burning_urination|cloudy_urine,urinary_tract_infection,0.036,1.0,15.873016
cough|fever|sore_throat,influenza,0.012,1.0,18.518519
cloudy_urine|fever|frequent_urination,urinary_tract_infection,0.022,1.0,15.873016
headache|sore_throat,influenza,0.015,1.0,18.518519
burning_urination|cloudy_urine|fever|frequent_urination,urinary_tract_infection,0.018,1.0,15.873016
burning_urination|cloudy_urine|frequent_urination,urinary_tract_infection,0.021,1.0,15.873016
cloudy_urine|fever|frequent_urination|pelvic_pain,urinary_tract_infection,0.014,1.0,15.873016
burning_urination|cloudy_urine|fever|frequent_urination|pelvic_pain,urinary_tract_infection,0.012,1.0,15.873016
burning_urination|cloudy_urine|frequent_urination|pelvic_pain,urinary_tract_infection,0.014,1.0,15.873016
cloudy_urine|frequent_urination|pelvic_pain,urinary_tract_infection,0.019,1.0,15.873016
cloudy_urine|frequent_urination,urinary_tract_infection,0.028,1.0,15.873016
burning_urination|cloudy_urine|fever|pelvic_pain,urinary_tract_infection,0.018,1.0,15.873016
cloudy_urine|fever|pelvic_pain,urinary_tract_infection,0.021,1.0,15.873016
burning_urination|cloudy_urine|pelvic_pain,urinary_tract_infection,0.022,1.0,15.873016
cloudy_urine|pelvic_pain,urinary_tract_infection,0.028,1.0,15.873016
acid_regurgitation|chest_pain|difficulty_swallowing,gerd,0.021,1.0,19.607843
burning_urination,urinary_tract_infection,0.048,0.979592,15.549077
worry,anxiety_disorder,0.035,0.972222,19.444444
light_sensitivity,migraine,0.034,0.971429,20.238095
restlessness,anxiety_disorder,0.033,0.970588,19.411765
mucus_production,copd,0.033,0.970588,20.650814
fever|frequent_urination,urinary_tract_infection,0.032,0.969697,15.392015
blurred_vision,type_2_diabetes,0.032,0.969697,21.080369
sore_throat,influenza,0.032,0.969697,17.957351
increased_thirst,type_2_diabetes,0.031,0.96875,21.059783
muscle_pain,influenza,0.031,0.96875,17.939815
vision_loss,stroke,0.03,0.967742,24.813896
nosebleed,hypertension,0.029,0.966667,20.138889
rapid_heartbeat,sepsis,0.028,0.965517,26.095061
fever|vomiting,appendicitis,0.027,0.964286,19.6793
cold_intolerance|fatigue,hypothyroidism,0.027,0.964286,17.532468
chest_tightness|fatigue,asthma,0.026,0.962963,21.885522
restlessness|sleep_disturbance,anxiety_disorder,0.025,0.961538,19.230769
chest_pain|headache,hypertension,0.025,0.961538,20.032051
fatigue|sad_mood,depression,0.025,0.961538,18.491124
fever|swelling,rheumatoid_arthritis,0.025,0.961538,17.17033
low_blood_pressure,sepsis,0.025,0.961538,25.987526
headache|light_sensitivity,migraine,0.024,0.96,20.0
slow_healing,type_2_diabetes,0.024,0.96,20.869565
muscle_tension|sleep_disturbance,anxiety_disorder,0.024,0.96,19.2
fever|loss_of_appetite,appendicitis,0.023,0.958333,19.557823
fatigue|fever|stiffness,rheumatoid_arthritis,0.023,0.958333,17.113095
cold_hands|dizziness,anemia,0.022,0.956522,18.394649
fever|nausea,appendicitis,0.022,0.956522,19.520852
headache|vomiting,migraine,0.022,0.956522,19.927536
fever|hair_loss,lupus,0.022,0.956522,22.244692
chest_tightness|fatigue|shortness_of_breath,asthma,0.021,0.954545,21.694215
acid_regurgitation,gerd,0.041,0.953488,18.69585
hair_loss|joint_pain,lupus,0.02,0.952381,22.148394
weight_gain,hypothyroidism,0.04,0.952381,17.316017
lightheadedness|shortness_of_breath,myocardial_infarction,0.02,0.952381,17.006803
fever|night_sweats,tuberculosis,0.02,0.952381,18.674136
heartburn,gerd,0.038,0.95,18.627451
cold_hands|fatigue|shortness_of_breath,anemia,0.019,0.95,18.269231
fever|low_blood_pressure,sepsis,0.019,0.95,25.675676
sweating,myocardial_infarction,0.019,0.95,16.964286
fatigue|hair_loss,lupus,0.019,0.95,22.093023
cold_intolerance,hypothyroidism,0.037,0.948718,17.249417
confusion|headache,stroke,0.018,0.947368,24.291498
cough|headache,influenza,0.018,0.947368,17.54386
chest_pain|cough,pneumonia,0.018,0.947368,16.057092
fatigue|increased_thirst,type_2_diabetes,0.018,0.947368,20.594966
night_sweats|weight_loss,tuberculosis,0.018,0.947368,18.575851
constipation,hypothyroidism,0.035,0.945946,17.199017
blurred_vision|fatigue,type_2_diabetes,0.017,0.944444,20.531401
fever|muscle_pain,influenza,0.016,0.941176,17.429194
fever|rash,lupus,0.016,0.941176,21.887825
arm_pain|shortness_of_breath,myocardial_infarction,0.016,0.941176,16.806723
night_sweats,tuberculosis,0.032,0.941176,18.454441
fever|hair_loss|joint_pain,lupus,0.016,0.941176,21.887825
fever|stiffness,rheumatoid_arthritis,0.031,0.939394,16.774892
chest_pain|sweating,myocardial_infarction,0.015,0.9375,16.741071
fatigue|stiffness,rheumatoid_arthritis,0.029,0.935484,16.705069
hair_loss,lupus,0.029,0.935484,21.755439
muscle_tension,anxiety_disorder,0.029,0.935484,18.709677
arm_pain,myocardial_infarction,0.029,0.935484,16.705069
speech_difficulty,stroke,0.028,0.933333,23.931624
nausea|shortness_of_breath,myocardial_infarction,0.014,0.933333,16.666667
pelvic_pain,urinary_tract_infection,0.042,0.933333,14.814815
fatigue|sore_throat,influenza,0.014,0.933333,17.283951
cold_hands|dizziness|shortness_of_breath,anemia,0.014,0.933333,17.948718
fever|headache,influenza,0.014,0.933333,17.283951
fatigue|fever|hair_loss,lupus,0.014,0.933333,21.705426
stiffness,rheumatoid_arthritis,0.041,0.931818,16.63961
concentration_difficulty,depression,0.04,0.930233,17.889088
fatigue|hair_loss|joint_pain,lupus,0.013,0.928571,21.594684
cold_hands|fatigue,anemia,0.026,0.928571,17.857143
fatigue|muscle_pain,influenza,0.013,0.928571,17.195767
concentration_difficulty|fatigue,depression,0.026,0.928571,17.857143
swelling,rheumatoid_arthritis,0.039,0.928571,16.581633
sad_mood,depression,0.038,0.926829,17.82364
loss_of_appetite,appendicitis,0.037,0.925,18.877551
difficulty_swallowing|nausea,gerd,0.024,0.923077,18.099548
cough|fever|shortness_of_breath,pneumonia,0.012,0.923077,15.645372
aura,migraine,0.035,0.921053,19.188596
chest_tightness|shortness_of_breath,asthma,0.023,0.92,20.909091
difficulty_swallowing,gerd,0.034,0.918919,18.018018
nausea|sweating,myocardial_infarction,0.011,0.916667,16.369048
dry_skin,hypothyroidism,0.042,0.913043,16.600791
fatigue|fever|hair_loss|joint_pain,lupus,0.01,0.909091,21.141649
chest_pain|fever|shortness_of_breath,pneumonia,0.01,0.909091,15.40832
abdominal_pain|fever,appendicitis,0.02,0.909091,18.552876
chest_pain|fever,pneumonia,0.019,0.904762,15.334948
dry_skin|fatigue,hypothyroidism,0.028,0.903226,16.422287
lightheadedness,myocardial_infarction,0.036,0.9,16.071429
abdominal_pain,appendicitis,0.034,0.894737,18.259936
fatigue|rash,lupus,0.015,0.882353,20.519836
cold_hands|shortness_of_breath,anemia,0.022,0.88,16.923077
chest_tightness,asthma,0.029,0.878788,19.972452
sudden_numbness,stroke,0.028,0.875,22.435897
loss_of_interest,depression,0.035,0.875,16.826923
rash,lupus,0.026,0.866667,20.155039
cold_hands,anemia,0.032,0.842105,16.194332
fatigue|loss_of_interest,depression,0.021,0.84,16.153846
fatigue|frequent_urination,type_2_diabetes,0.012,0.8,17.391304
chills|cough|fever,pneumonia,0.014,0.736842,12.488849
chills|fever,pneumonia,0.022,0.6875,11.652542
chills|fatigue|fever,pneumonia,0.012,0.666667,11.299435
chills|fatigue,pneumonia,0.023,0.657143,11.138015
chills|cough,pneumonia,0.023,0.657143,11.138015
chills|cough|fatigue,pneumonia,0.01,0.625,10.59322
chills,pneumonia,0.038,0.622951,10.558488
fever|shortness_of_breath,pneumonia,0.02,0.606061,10.272214
fatigue|weight_loss,type_2_diabetes,0.018,0.6,13.043478
frequent_urination,urinary_tract_infection,0.042,0.6,9.52381
fatigue|fever|joint_pain,rheumatoid_arthritis,0.025,0.595238,10.629252
fatigue|joint_pain,rheumatoid_arthritis,0.031,0.584906,10.444744
fever|joint_pain,rheumatoid_arthritis,0.032,0.581818,10.38961
cough|fatigue|wheezing,asthma,0.02,0.571429,12.987013
chest_pain|nausea,gerd,0.025,0.568182,11.14082
cough|fatigue|shortness_of_breath|wheezing,asthma,0.017,0.566667,12.878788
nausea|vomiting,appendicitis,0.022,0.564103,11.512297
fatigue|wheezing,asthma,0.027,0.5625,12.784091
joint_pain,rheumatoid_arthritis,0.04,0.555556,9.920635
weight_loss,tuberculosis,0.031,0.553571,10.854342
fatigue|shortness_of_breath|wheezing,asthma,0.021,0.552632,12.559809
cough|wheezing,asthma,0.022,0.55,12.5
fatigue|sleep_disturbance,anxiety_disorder,0.028,0.54902,10.980392
cough|shortness_of_breath|wheezing,asthma,0.018,0.545455,12.396694
dizziness|shortness_of_breath,anemia,0.022,0.536585,10.318949
vomiting,appendicitis,0.035,0.530303,10.822511
dizziness,anemia,0.037,0.521127,10.021668
shortness_of_breath|wheezing,asthma,0.022,0.511628,11.627907
wheezing,asthma,0.03,0.508475,11.55624
